g_key,g_description,g_cast
70241153,"A romance blossoms between a clothing designer and a cautious young man, but because the two have both been hurt in the past, it develops slowly.","Jung Woo-sung, Son Ye-jin, Baek Jong-hak"
60022589,"When bad boy Landon is cast opposite campus bookworm Jamie in a high school play, romance blooms — until tragedy threatens to tear them apart.","Mandy Moore, Shane West, Peter Coyote"
81017092,"While defending an unlikely soul, the afterlife Guardians investigate an elderly man who’s outstayed his time on Earth, and delve into their own past.","Ha Jung-woo, Ju Ji-hoon, Kim Hyang-gi"
80214451,"A firefighter dies and arrives in the afterlife, where Guardians take him through the seven trials and a perilous journey through different hells.","Ha Jung-woo, Cha Tae-hyun, Ju Ji-hoon"
80091194,"Many years after they fell in love during an architecture class, Seo-yeon tracks down Seung-min to design her dream house and rekindle their romance.","Uhm Tae-woong, Han Ga-in, Lee Je-hoon, Bae Suzy"
80991555,"A father tries to comfort his son, who believes his dead mother will return, but is surprised to stumble across someone who looks just like her.","So Ji-sub, Son Ye-jin, Kim. Ji-hwan"
80075170,"Awakening each day in a different body, Woo-jin must constantly adjust. But the biggest adjustment may be the one his girlfriend has to make.","Han Hyo-joo, Yoo Yeon-seok, Bae Seong-woo"
80033517,"In late 1960s Seoul, in a famed music venue called C'est Si Bon, three twentysomethings form a folk band whose music is inspired by a pretty muse.","Jung Woo, Kim Yoon-seok, Han Hyo-joo, Kim Hee-ae"
80168188,"Divers, scientists and photographers around the world mount an epic underwater campaign to document the disappearance of coral reefs.",
81031373,A twisted criminal's gruesome videos drive a group of amateur online sleuths to launch a risky manhunt that pulls them into a dark underworld.,
80000003,"A grown man who attempts to reconnect with an old crush, but following a chain of events, they end up trying to escape from a mysterious white gas that threatens to engulf the entire Seoul district.","Jo Jung-suk, Im Yoon-ah"
60000724,"Forrest Gump, a friendly, simpleminded man, finds himself in the middle of nearly every major event of the 1960s and '70s.","Tom Hanks, Robin Wright, Gary Sinise"
80000006,An unlikely romance between a dedicated firefighter struggling to overcome the death of his wife and a peppy yet calculated doctor who looks to save her career from the brink of disaster.,"Go Soo, Han Hyo-joo"
80000005,A young man remembers the complex relationship he formed with two young women,"Cha Tae-hyun, Lee Eun-ju, Son Ye-jin"
80098478,"An average college student falls for a beautiful drunk girl he meets on the subway, but keeping up with her wild antics takes a toll on him.","Jun Ji-hyun, Cha Tae-hyun"
80230533,A soccer fan marries his girlfriend in hopes of putting an end to her philandering. But he soon learns she wants to take a second husband.,"Son Ye-jin, Kim Joo-hyuk, Joo Sang-wook"
14546747,"FBI trainee Clarice Starling ventures into a maximum-security asylum to pick the diseased brain of Hannibal Lecter, a psychiatrist turned cannibal.","Jodie Foster, Anthony Hopkins, Scott Glenn"
70142818,"Two young girls in 19th-century China are pledged as lifelong companions through an ancient ritual, yet their friendship is tested as they mature.","Jun Ji-hyun, Vivian Wu"
70253645,A young street magician quickly becomes a big name on stage after he teams up with a strange woman who possesses a secret ability to see dead people.,"Son Ye-jin, Lee Min-ki"
70245273,"When a transfer student becomes a laughingstock on her first day of school, six girls jump in to help the new kid, forming a tight circle of friends.","Yu Ho-jeong, Shim Eun-kyung, Jin Hee-kyung"
80000002,"Min-jun and Ji-won are so-called the first-rate ""players"" who are dating gurus with 100% success rates in any dating pursuits. Following her usual systematic dating rules, Ji-won fakes a schematic car accident to capture Min-jun's attention and successfully approaches him.","Son Ye-jin, Song Il-gook"
80230449,"From a box of letters and a diary detailing her mom's youthful years, a woman discovers curious semblances between her mom's and her own love stories.","Son Ye-jin, Cho Seung-woo, Jo In-sung"
80117542,Explore how a data company named Cambridge Analytica came to symbolize the dark side of social media in the wake of the 2016 U.S. presidential election.,
80000001,"Princess Deokhye's life in Japan after she was forced to move there at age 13 by the Imperial Japanese government, and her attempts to return to Korea","Son Ye-jin, Park Hae-il"
81031587,"When Korean nationals are kidnapped in Thailand, a crisis negotiator from the Seoul Metropolitan Police Agency must do whatever she can to save them.","Son Ye-jin, Hyun Bin"
80224105,"Recruited by an ambitious prosecutor to trap a notorious conman, a motley crew of fraudsters put aside self-interest for a momentary pursuit of justice.","Hyun Bin, Yoo Ji-tae, Bae Seong-woo"
80000004,A lawyer's romance with a handsome CEO is thwarted by her sister's unrequited love for the same man and her firm's business dealings with his company,"Liu Yifei, Song Seung-heon"
80196357,"When her daughter disappears 15 days before the big election, the wife of a rookie politician launches a private search that uncovers terrible truths.","Son Ye-jin, Kim Joo-hyuk"
81145628,"Before planning an awesome wedding for his grandfather, a polar bear king must take back a stolen artifact from an evil archaeologist first.","Alan Marriott, Andrew Toth, Brian Dobson, Cole Howard, Jennifer Cameron, Jonathan Holmes, Lee Tockar, Lisa Durupt, Maya Kay, Michael Dobson"
80117401,"Jandino Asporaat riffs on the challenges of raising kids and serenades the audience with a rousing rendition of ""Sex on Fire"" in his comedy show.",Jandino Asporaat
80125979,"When nerdy high schooler Dani finally attracts the interest of her longtime crush, she lands in the cross hairs of his ex, a social media celebrity.","Nesta Cooper, Kate Walsh, John Michael Higgins, Keith Powers, Alicia Sanz, Jake Borelli, Kid Ink, Yousef Erakat, Rebekah Graf, Anne Winters, Peter Gilroy, Patrick Davis"
70304989,"In a dystopian future, an insurance adjuster for a tech company investigates a robot killed for violating protocol and discovers a global conspiracy.","Antonio Banderas, Dylan McDermott, Melanie Griffith, Birgitte Hjort Sørensen, Robert Forster, Christa Campbell, Tim McInnerny, Andy Nyman, David Ryall"
80164077,"Fabrizio Copano takes audience participation to the next level in this stand-up set while reflecting on sperm banks, family WhatsApp groups and more.",Fabrizio Copano
70304990,A struggling couple can't believe their luck when they find a stash of money in the apartment of a neighbor who was recently murdered.,"James Franco, Kate Hudson, Tom Wilkinson, Omar Sy, Sam Spruell, Anna Friel, Thomas Arnold, Oliver Dimsdale, Diana Hardcastle, Michael Jibson, Diarmaid Murtagh"
80169755,"Comedian and celebrity impersonator Joaquín Reyes decides to be his zesty self for a night of stories about buses, bathroom habits, royalty and more.",Joaquín Reyes
70299204,"When beer magnate Alfred ""Freddy"" Heineken is kidnapped in 1983, his abductors make the largest ransom demand in history.","Jim Sturgess, Sam Worthington, Ryan Kwanten, Anthony Hopkins, Mark van Eeuwen, Thomas Cocquerel, Jemima West, David Dencik"
80182480,"A team of minstrels, including a monkey, cat and donkey, narrate folktales from the Indian regions of Rajasthan, Kerala and Punjab.","Damandeep Singh Baggan, Smita Malhotra, Baba Sehgal"
80182483,"An artisan is cheated of his payment, a lion of his throne and a brother of his inheritance in these three stories of deception and justice.","Damandeep Singh Baggan, Smita Malhotra, Baba Sehgal, Deepak Chachra"
80182596,"A cat, monkey and donkey team up to narrate folktales about friendship from Northeast India, and the Indian regions of Bihar and Rajasthan.","Damandeep Singh Baggan, Smita Malhotra, Deepak Chachra"
80182482,"In three comic-strip-style tales, a boy tries to sell wisdom, a demon is released from captivity, and a king assigns impossible tasks to his minister.","Damandeep Singh Baggan, Smita Malhotra, Baba Sehgal"
80182597,"A cat, monkey and donkey learn the consequences of cheating through stories from the Indian regions of Rajasthan, West Bengal and Maharashtra.","Rishi Gambhir, Smita Malhotra, Deepak Chachra"
80182481,"Animal minstrels narrate stories about a monkey's friendship with a crocodile, two monkeys' foolishness and a villager's encounter with a demon.","Damandeep Singh Baggan, Smita Malhotra, Baba Sehgal"
80182621,"The consequences of trickery are explored in stories involving an inconsiderate husband, two greedy courtiers, and a kind man who loses everything.","Damandeep Singh Baggan, Smita Malhotra, Baba Sehgal"
80057969,A man in an unsatisfying marriage recalls the details of an intense past relationship with an ex-girlfriend when he gets word that she may be missing.,"Karl Glusman, Klara Kristin, Aomi Muyock, Ugo Fox, Juan Saavedra, Gaspar Noé, Isabelle Nicou, Benoît Debie, Vincent Maraval, Déborah Révy"
80060297,A filmmaker working on a documentary about love in modern Manhattan becomes personally entangled in the romantic lives of his subjects.,"Tom O'Brien, Katherine Waterston, Caitlin Fitzgerald, Gaby Hoffmann, Louis Cancelmi, Zach Grenier"
80046728,"A brain-addled war vet, a failing band manager and a Stanley Kubrick impersonator help the CIA construct an epic scam by faking the 1969 moon landing.","Ron Perlman, Rupert Grint, Robert Sheehan, Stephen Campbell Moore, Eric Lampaert, Kevin Bishop, Tom Audenaert, Erika Sainte"
80046727,"As the newspaper industry takes a hit, The Denver Post breaks new ground with a section dedicated to cannabis culture.",
70304988,"In 1899, a young doctor arrives at an asylum for an apprenticeship and becomes suspicious of his mentor's methods while falling for a female patient.","Kate Beckinsale, Jim Sturgess, David Thewlis, Brendan Gleeson, Ben Kingsley, Michael Caine, Jason Flemyng, Sophie Kennedy Clark, Sinéad Cusack, Edmund Kingsley"
80057700,A New Orleans politician finds his idealistic plans for rebuilding after a toxic oil spill unraveling thanks to a sex scandal.,"Nicolas Cage, Sarah Paulson, Connie Nielsen, Wendell Pierce, Bryan Batt, Peter Fonda, Dana Gourrier"
80045922,"As a volatile young couple who have been together for six years approach college graduation, unexpected career opportunities threaten their future.","Taissa Farmiga, Ben Rosenfield, Lindsay Burdge, Joshua Leonard, Jennifer Lafleur, Peter Vack, Dana Wheeler-Nicholson, Jason Newman, Molly McMichael"
80203094,"Women who've been sexually brutalized in war-torn Congo begin to heal at City of Joy, a center that helps them regain a sense of self and empowerment.",
70241607,"When a family moves into an upscale housing development, they encounter a series of paranormal events that drive them to the edge of insanity.","Saharat Sangkapreecha, Pok Piyatida Woramusik, Sutatta Udomsilp, Athipich Chutiwatkajornchai, Deuntem Salitul, Sahajak Boonthanakit"
80988892,"When lonely Mai forms an unlikely bond with a top-secret robot, they embark on an intense, action-packed adventure to foil the plot of a vicious villain.","John Krasinski, Charlyne Yi, Jason Sudeikis, Michael Peña, David Cross, Constance Wu"
80239639,A wrong-number text sparks a virtual romance between a smart but unpopular teen and a sweet jock who thinks he's talking to a gorgeous cheerleader.,"Shannon Purser, Kristine Froseth, RJ Cyler, Noah Centineo, Loretta Devine, Giorgia Whigham, Alice Lee, Lea Thompson, Alan Ruck, Mary Pat Gleason, Chrissy Metz"
80159586,"In 1930s Paris, an actress famous for her gory death scenes at the Grand Guignol Theater contends with a mysterious stalker and ghosts from her past.","Anna Mouglalis, Niels Schneider, André Wilms, Michel Fau, Sissi Duparc, Jean-Michel Balthazar, Julie Recoing, Eric Godon, Maya Coline, Constance Dollé"
80152447,"This historical drama explores the long and often volatile friendship of painter Paul Cézanne and writer Émile Zola, who first met as schoolboys.","Guillaume Canet, Guillaume Gallienne, Alice Pol, Déborah François, Sabine Azéma, Freya Mavor, Isabelle Candelier, Laurent Stocker"
81154455,The grim realities of caste discrimination come to light as an entitled but upright city cop ventures into India’s heartland to investigate a murder.,"Ayushmann Khurrana, Nassar, Manoj Pahwa, Kumud Mishra, Isha Talwar, Sayani Gupta, Mohammed Zeeshan Ayyub, Subhrajyoti Barat, Sushil Pandey, Aakash Dabhade"
81113928,"From a schoolboy’s crush to a middle-aged bachelor’s office romance, four love stories spanning age, religion and status unfold in a small Indian town.","Subba Rao Vepada, Radha Bessy, Kesava Karri, Nithyasri Goru, Karthik Rathnam, Praneetha Patnaik, Mohan Bhagath, Praveena Paruchuri"
81052275,"In Goa and in desperate need of cash, four childhood friends get another shot at making their long-abandoned dreams of becoming filmmakers come true.","Vishwaksen Naidu, Sushanth Reddy, Abhinav Gomatam, Venkatesh Kakumanu, Anisha Ambrose, Simran Choudhary"
81132437,"Bogged down with money problems, a couple grows cautious of each other but hit the lottery and decide to stay together – till death do they part.","Murat Boz, Seda Bakan, Açelya Topaloğlu, Özgür Emre Yıldırım, Seda Güven, Yosi Mizrahi, Dilşad Şimşek, Ali Yoğurtçuoğlu"
80058026,"When best friends break a blood oath, one of them is cast away to hell, and the other two must save him from the misfits of the underworld.","Nick Swardson, Mila Kunis, Bob Odenkirk, T.J. Miller, Rob Riggle, Susan Sarandon, Danny McBride, Jennifer Coolidge, John Farley, Maria Bamford"
70303496,Aamir Khan teams with director Rajkumar Hirani to play a social crusader in a political satire on the state of corruption in India.,"Aamir Khan, Anuskha Sharma, Sanjay Dutt, Saurabh Shukla, Parikshat Sahni, Sushant Singh Rajput, Boman Irani, Rukhsar"
80162141,A drug dealer who's been emulating his father's successful criminal career is forced to go on the run with a young girl in this fact-based thriller.,"Nathanael Wiseman, Mem Ferda, Alexandra Newick, Oliver Stark, Kat Gellin, Andy Lucas, Ralph Brown, Beverly Hills"
80095641,"Then and now footage of bit players who appeared in ""Star Wars"" tells the story of how the film and its legions of fans changed their lives forever.","Paul Blake, Jeremy Bulloch, John Chapman, Anthony Forrest, Laurie Goode, Garrick Hagon, Derek Lyons, Angus MacInnes, David Prowse, Pam Rose"
81176188,Barack and Michelle Obama talk with directors Steven Bognar and Julia Reichert about the documentary and the importance of storytelling.,"President Barack Obama, Michelle Obama, Julia Reichert, Steven Bognar"
80159880,"When a broken ATM dishes out a fortune, a couple who works at the bank vies to see who can recover the most cash – and the loser must find a new job.","Chantavit Dhanasevi, Preechaya Pongthananikorn, Chaleumpol Tikumpornteerawong, Thawat Pornrattanaprasert, Sananthachat Thanapatpisal, Pongkool Suebsung, Puttachat Pongsuchat, Gornpop Janjaroen, Yanee Tramoth, Pongsatorn Jongwilak"
81016044,"After an encounter with an engineer working the night shift for the city train, a 30-year-old woman struggles against all odds to pursue true love.","Theeradej Wongpuapan, Sirin Horwang, Ungsumalynn Sirapatsakmetha, Panissara Phimpru, Taksaorn Paksukcharern, Charlie Trairat, Kazuki Yano"
80158838,"Desperate to go to the U.S. to win back his girlfriend, Yim hires a tutor to teach him English. But things don't go according to plan.","Preechaya Pongthananikorn, Sunny Suwanmethanont, Sora Aoi, Puttachat Pongsuchat, Popetorn Soonthornyanakij"
81016045,"When his colleague (and crush) temporarily loses her memory, an overlooked geek seizes the chance to make an impression before she remembers again.","Chantavit Dhanasevi, Nittha Jirayungyurn, Theerapat Sajakul, Prim Bulakul, Kris Srepoomseth, Somyos Matures, Sutthatip Wutichaipradit, Rermthon Kemapech, Kaz Sawamura"
70142798,"From disfiguring punishments to festering souls, Thai horror masters present five supernatural tales of karma in this sequel to the 4bia anthology.","Jirayu La-ongmanee, Charlie Trairat, Worrawech Danuwong, Marsha Wattanapanich, Nicole Theriault, Chumphorn Thepphithak, Gacha Plienwithi, Suteerush Channukool, Peeratchai Roompol, Nattapong Chartpong"
70062814,"After killing a young girl in a hit-and-run accident, a couple is haunted by more than just the memory of their deadly choice.","Ananda Everingham, Natthaweeranuch Thongmee, Achita Sikamana, Unnop Chanpaibool, Titikarn Tongprasearth, Sivagorn Muttamara, Chachchaya Chalemphol, Kachormsak Naruepatr"
80158839,"When his boyhood crush Ern returns, Ped forms a band with his friend to impress her. Romantic rivalries bloom after the talented Ern joins the group.","Jirayu La-ongmanee, Pachara Chirathivat, Nattasha Nauljam, Thawat Pornrattanaprasert"
80147760,"A socially awkward 19-year-old genius makes big plans to step out of her shell and make a friend, get a job and – maybe – even go on a date.","Bel Powley, Nathan Lane, Vanessa Bayer, Gabriel Byrne, Jason Ritter, Colin O'Donoghue, William Moseley, Desmin Borges"
80177405,"Battle-scarred stand-up comedian Marc Maron unleashes a storm of ideas about meditation, mortality, documentary films and our weird modern world.",Marc Maron
81160036,"Outcast from society and left to die in the wilderness, a young boy with polio embarks on a journey to connect with his mother. Based on a true story.","Karam Hussain, Arif Bahlim, Najiba Faiz, Saleem Mairaj, Imran Aslam, Daniyal Yousuf, Sohail Malik, Ali Hafiz"
81173255,A withdrawn young woman hunted by a malicious cult is abducted by a brooding stranger and undergoes a bizarre transformation.,"Nina Kiri, Ry Barrett, Jorja Cadence, Will King, Nina Richmond"
81078908,"A teenage equestrian and a local football player for each other, but simmering racism in their small town puts their relationship to the test.","Caleb Castille, Rose Reid, Kevin Sizemore, Gregory Alan Williams"
81155784,,"G.V. Prakash Kumar, Samyuktha Hegde, Suman, Raj Arjun, Yogi Babu, Munishkanth"
80214405,A self-serving mythical creature's bid for invincibility backfires when he finds himself at the mercy of a woman who can see otherworldly beings.,"Lee Seung-gi, Cha Seoung-won, Oh Yeon-seo"
80050008,"The extraordinary Baudelaire orphans face trials, tribulations and the evil Count Olaf in their fateful quest to unlock long-held family secrets.","Neil Patrick Harris, Patrick Warburton, Malina Weissman"
70000007,A cold-hearted woman meets an immature angel and they get to confront unexpected tragedy and crucial moment.,"Kim Myung Soo, Shin Hye-sun"
80136311,"A plucky orphan whose passions run deep finds an unlikely home with a spinster and her soft-spoken bachelor brother. Based on ""Anne of Green Gables.""","Amybeth McNulty, Geraldine James, R.H. Thomson"
80117833,"From nature to nurture, this docuseries explores the groundbreaking science that reveals how infants discover life during their very first year.",
70272479,"When his father dies, Norman Bates and his mother open a hotel. But Norman's precarious mental state drives them down a dark and violent path.","Vera Farmiga, Freddie Highmore, Max Thieriot"
80999059,"After a nearly-fatal accident, a divorced woman undergoes a head-to-toe transformation with help from a wealthy stranger to get revenge on her ex.","Han Ye-seul, Joo Sang-wook, Jung Gyu-woon"
70264888,"This sci-fi anthology series explores a twisted, high-tech near-future where humanity's greatest innovations and darkest instincts collide.","Jesse Plemons, Cristin Milioti, Jimmi Simpson"
70143836,A high school chemistry teacher dying of cancer teams with a former student to secure his family's future by manufacturing and selling crystal meth.,"Bryan Cranston, Aaron Paul, Anna Gunn"
70000004,"Young-soo and Gi-tak both arrive in the afterlife, but they both feel that they must return: Young-soo to reconcile with his wife and prove his death was not a suicide, and Gi-tak to protect Yi-yeon. They are given two months and return to life in new bodies.","Rain, Oh Yeon-seo"
81159258,"A paragliding mishap drops a South Korean heiress in North Korea and into the life of an army officer, who decides he will help her hide.","Hyun Bin, Son Ye-jin"
70153390,This intense police procedural follows a group of extraordinary FBI profilers who spend their days getting into the minds of psychopathic criminals.,"Mandy Patinkin, Joe Mantegna, Thomas Gibson"
80100172,A missing child sets four families on a frantic hunt for answers as they unearth a mind-bending mystery that spans three generations.,"Louis Hofmann, Oliver Masucci, Jördis Triebel"
80123798,"After a chance meeting in a hospital, an ardent soldier falls for a gifted surgeon. Opposing philosophies tear them apart, but fate has other plans.","Song Joong-ki, Song Hye-kyo, Jin Goo"
80118100,"From crippling payday loans to cars that cheat emissions tests, this investigative series exposes brazen acts of corporate greed and corruption.",
70000002,"Set during the reign of King Sukjong in the Joseon dynasty, the series is based on real-life historical figure Choi Suk-bin.","Han Hyo-joo, Ji Jin-hee, Lee So-yeon, Bae Soo-bin"
70244998,Six dedicated students at Kirin Art High School work to achieve their dreams of becoming stars in the Korean music industry.,"Bae Suzy,Taecyeon,Kim Soo-hyun"
70205634,"El Chavo is a poor, nameless orphan who lives in an apartment building with La Chilindrina, Quico, Doña Florinda, Don Ramón and Professor Jirafales.","Roberto Gómez Bolaños, Florinda Meza García, Angelines Fernández Abad"
80216752,"This enlightening series from Vox digs into a wide range of topics such as the rise of cryptocurrency, why diets fail, and the wild world of K-pop.",
81234382,A teen seeks to change the fate that's been set for her after gaining awareness that she's just a side character in a made-up world.,"Kim Hye-yoon, Rowoon, Lee Jae-wook"
70155617,"Sisters D.J., Stephanie and Michelle grow up with three devoted father figures: their widowed dad, his goofy best friend and their cool uncle.","Bob Saget, John Stamos, Dave Coulier"
80051137,The Tanner family’s adventures continue as DJ Tanner-Fuller shares a home with her sister Stephanie and friend Kimmy who help raise her three boys.,"Candace Cameron Bure, Jodie Sweetin, Andrea Barber"
80177342,Three suburban moms orchestrate a local grocery store heist to escape financial ruin and establish independence -- together.,"Christina Hendricks, Retta, Mae Whitman"
80017537,"They’re not friends, but when their husbands leave them for each other, proper Grace and eccentric Frankie begin to bond in this Emmy-nominated series.","Jane Fonda, Lily Tomlin, Martin Sheen"
80031737,"Born to a human mother and a mythical creature, he longs to become a real human. Can a martial artist help his cause?","Lee Seung-gi, Bae Suzy, Lee Sung-jae"
81271145,Researchers add context and clarity to UFO mysteries and conspiracy theories as they unpack clues in a trove of files covering decades of sightings.,
8012868,"With different personalities, life goals and taste in men, five female college students become housemates in a shared residence called Belle Epoque.","Han Ye-ri, Han Seung-yeon, Park Eun-bin"
70000008,"An art curator's life unravels, as she tries to keep her pastime as a die-hard K-pop fan secret from her gallery's new director.","Park Min-young, Kim Jae-wook"
81239224,"Every day is extraordinary for five doctors and their patients inside a hospital, where birth, death and everything in between coexist.","Cho Jung-seok, Yoo Yeon-seok, Jung Kyung-ho"
81205849,"When he's invited to manage a hotel for dead souls, an elite hotelier gets to know the establishment's ancient owner and her strange world.","Lee Ji-eun (IU), Yeo Jin-goo, Shin Jung-geun"
70000005,A man with a painful past and an heiress who has led a sheltered life must work together to confront their pasts and fight for a better future. ,"Lee Dong-wook,"
80202283,Death row inmates convicted of capital murder give firsthand accounts of their crimes in this documentary series.,
81243992,An extraordinary road to emotional healing opens up for an antisocial children's book writer and a selfless psych ward caretaker when they cross paths.,"Kim Soo-hyun, Seo Yea-ji, Oh Jung-se"
81193309,"In a colorful Seoul neighborhood, an ex-con and his friends fight a mighty foe to make their ambitious dreams for their street bar a reality.","Park Seo-jun, Kim Da-mi, Yu Jae-myeong"
70000003,"A Master Artisan lives with her two married sons in her traditional Korean estate. When the time comes for the Artisan to choose her successor, the fierce competition between the two daughters-in-law results in tragedies that reverberate for decades afterwards.","Oh Yeon-seo, Kim Ji-hoon, Lee Yoo-ri, Oh Chang-seok"
81042150,"In an alternate reality in which South Korea is a constitutional monarchy, a frivolous prince gets involved with a North Korean special forces officer.","Lee Seung-gi, Ha Ji-won, Lee Yoon-ji"
70243132,"This irreverent sitcom featues Ludovico, Federica and their three children Bibi, Junior and Ludoviquito, living in Ciudad P. Luche.","Miguel Perez, Eugenio Derbez, Consuelo Duval, Regina Blandón"
81012551,"A mermaid from the Joseon period ends up in present-day Seoul, where she crosses paths with a swindler who may have ties to someone from her past.","Jun Ji-hyun, Lee Min-ho, Lee Hee-jun"
80104198,"After crash-landing on an alien planet, the Robinson family fights against all odds to survive and escape. But they're surrounded by hidden dangers.","Molly Parker, Toby Stephens, Maxwell Jenkins"
80057918,"Bored with being the Lord of Hell, the devil relocates to Los Angeles, where he opens a nightclub and forms a connection with a homicide detective.","Tom Ellis, Lauren German, Kevin Alejandro"
70155569,"A gifted young teen tries to survive with his dimwitted, dysfunctional family.","Lukas Rodriguez, James Rodriguez, David Anthony Higgins, "
80144355,Fact meets fiction in this hybrid of scripted drama and documentary that chronicles a spacecraft crew's mission in 2033 to colonize the red planet.,"Jihae, Alberto Ammann, Clémentine Poidatz"
81004280,"While looking for the cryptic creator of an innovative augmented-reality game, an investment firm executive meets a woman who runs a hostel in Spain.","Hyun Bin, Park Shin-hye, Park Hoon"
70000009,"An accident separates the two lovers, and each is forced to go on with his and her life.","Park Yoochun, Yoo Eun-hye"
70143858,This Emmy-winning sitcom follows Jay Pritchett and his eclectic family as they deal with the challenges of contemporary life in Los Angeles.,"Ed O'Neill, Sofía Vergara, Julie Bowen"
80192098,Eight thieves take hostages and lock themselves in the Royal Mint of Spain as a criminal mastermind manipulates the police to carry out his plan.,"Úrsula Corberó, Álvaro Morte, Itziar Ituño"
80025266,"An alien who came to Earth 400 years ago is almost able to return to his own planet, but when he meets a famous actress, he doesn't want to go home.","Kim Soo-hyun, Jun Ji-hyun, Park Hae-Jin"
80179138,"Home bakers with a terrible track record take a crack at re-creating edible masterpieces for a $10,000 prize. It's part reality contest, part hot mess.","Nicole Byer, Jacques Torres"
70142386,Follow the quirky agents of the NCIS -- the Naval Criminal Investigative Service – as they track down terrorists and other high-profile criminals.,"Mark Harmon, David McCallum, Pauley Perrette"
70196145,"Searching for answers, a socially awkward but endearing teacher moves in with three bachelors who think they understand love but are equally as lost.","Zooey Deschanel, Jake Johnson, Max Greenfield"
70197049,"In this fantasy series, a young woman is drawn to a small Maine town and discovers that it's filled with elements of the fairy tale world.","Lana Parrilla,Robert Carlyle,Jared Gilmore"
80049832,Experience our planet's natural beauty and examine how climate change impacts all living creatures in this ambitious documentary of spectacular scope.,David Attenborough
80992115,A widowed politician’s picture-perfect image as a single father is tested when a quirky tabloid reporter gets tangled up in his personal life. He’s Korea’s youngest prime minister -- and single. Will she end up with more than just an exclusive scoop?,"Im Yoona, Lee Bum-soo"
81318096,"In a world where data is no longer private, con artists uncover a sinister surveillance scheme headed by the government and a greedy corporation.","Seo Ju-hyun, Ko Kyung-pyo"
70000006,"A scholar from the Joseon era, is mysteriously transported 300 years into the future to modern-day Seoul and comes into Hee Jin’s life as she is preparing for her career-making role.","Yoo In-na, Ji Hyun-woo"
70283260,"This vivid historical drama series tells of the rise to power of Mary, Queen of Scots, amid a court full of sexual and political intrigue.","Adelaide Kane, Megan Follows, Torrance Coombs"
80188471,"After a complete reversal of fortune and looks, childhood sweethearts reunite for the first time in 15 years as employees at a fashion magazine.","Hwang Jung-eum, Park Seo-jun, Go Joon-hee"
81290293,Young entrepreneurs aspiring to launch virtual dreams into reality compete for success and love in the cutthroat world of Korea's high-tech industry.,"Bae Suzy, Nam Joo-hyuk"
80244996,Embark on a global cultural journey into street food and discover the stories of the people who create the flavorful dishes,
70000001,"An architect lost his first love in a car accident and another woman received her heart in a transplant. Years later, they meet and the woman notices her heatbeats more as she gets to know him, not knowing that her heart was once his first love's",".eSong Seung-heon, Son Ye-jin"
70155610,"Feel groovy in 1970s suburbia, where a teen and his pals hang in the basement, listening to rock and indulging other hazy benefits of '70s culture.","Topher Grace, Mila Kunis, Ashton Kutcher"
70283264,"A century after Earth was devastated by a nuclear apocalypse, 100 space station residents are sent to the planet to determine whether it's habitable.","Eliza Taylor, Paige Turco, Bob Morley"
80175722,A budding teen psychopath and a rebel hungry for adventure embark on a star-crossed road trip in this darkly comic series based on a graphic novel.,"Jessica Barden, Alex Lawther, Naomi Ackie"
80063867,"An enigmatic conservative Christian group known as the Family wields enormous influence in Washington, D.C., in pursuit of its global ambitions.","James Cromwell, David Rysdahl, Ben Rosenfield"
80113701,"Due to an error, self-absorbed Eleanor Shellstrop arrives at the Good Place after her death. Determined to stay, she tries to become a better person.","Kristen Bell, Ted Danson, William Jackson Harper"
80188730,A fugitive soldier gets swept up in personal and political intrigue when he's hired as a bodyguard for the family of a presidential candidate.,"Ji Chang-wook, Song Yoon-a, Im Yoona"
80031790,"Years after she's assumed dead by the palace, a young noblewoman, now trained as a shaman, returns to court to reclaim her rightful position as queen.","Han Ga-in, Kim Soo-hyun, Jung Il-woo"
70136120,This hit comedy chronicles the foibles of disgruntled office workers -- led by deluded boss Michael Scott -- at the Dunder Mifflin paper company.,"Steve Carell, John Krasinski, Jenna Fischer"
80154610,"Six years after a rain-borne virus wipes out most of Scandinavia's population, two siblings join a band of young survivors seeking safety and answers","Alba August, Lucas Lynggaard Tonnesen"
80189685,"Geralt of Rivia, a mutated monster-hunter for hire, journeys toward his destiny in a turbulent world where people often prove more wicked than beasts.","Henry Cavill, Anya Chalotra, Freya Allan"
81205775,"Hoping to make a comeback after a bad scandal, an actress agrees to research a new role by taking a job as a secretary for a prickly attorney.","Yoo In-na, Lee Dong-wook"
80186863,"Reunited by their father's death, estranged siblings with extraordinary powers uncover shocking family secrets -- and a looming threat to humanity.","Ellen Page, Tom Hopper, David Castañeda"
80208910,"From eradicating disease to selecting a child’s traits, gene editing gives humans the chance to hack biology. Meet the real people behind the science.",
70172485,"When aspiring singer Tori Vega joins the eccentric students at Hollywood Arts High, she struggles to fit in with the amazingly talented teens.","Victoria Justice, Leon Thomas III, Matt Bennett"
81042230,"After being pulled into the webtoon world created by her father, a surgical resident gets entangled in a murder mystery involving the story's hero.","Lee Jong-suk, Han Hyo-joo, Kim Eui-sung"
80188662,"A competitive swimmer crosses paths with his childhood friend, a rising weight lifting star, and realizes that she has a secret crush on his cousin.","Lee Sung-kyung, Nam Joo-hyuk"
81029926,"To finance their own film project, an aspiring director, actor and screenwriter run a Seoul guesthouse that brings antics and romance into their lives.","Kim Jung-hyun, Lee Yi-kyung, Son Seung-won"
81229694,"Actor Lee Jun-ki ropes two longtime friends into investing in the Seoul guesthouse he runs on the side, where their old crush from school comes to stay.","Lee Yi-kyung, Kim Seon-ho, Shin Hyun-soo"
81225148,"Burdened with visions of the future in their dreams, a young woman and two men try to prevent horrible events before they actually happen.","Lee Jong-suk, Bae Suzy, Lee Sang-yeob"
80998966,"Operating under the alias Yong-pal, a surgeon gets enmeshed in a dark conspiracy involving a heiress forcibly put in a medically induced coma.","Joo Won, Kim Tae-hee, Jo Hyun-jae"
80095532,"In a reimagining of the TV classic, a newly single Latina mother raises her teen daughter and tween son with the ""help"" of her old-school mom.","Justina Machado, Rita Moreno, Todd Grinnell"
80189221,"Flashing between past and present, a fractured family confronts haunting memories of their old home and the terrifying events that drove them from it.","Michiel Huisman, Carla Gugino, Timothy Hutton"
80175802,"In a small New York town, a haunted detective hunts for answers about perplexing crimes while wrestling with his own demons.","Jessica Biel, Bill Pullman, Carrie Coon"
80111683,"After losing his sight and his fiancee in an accident, a man hires a caregiver who mysteriously sounds -- and looks -- just like his late girlfriend.","Kingone Wang, Lorene Ren, Sean Lee"
80996601,"Nick and Vanessa Lachey host this social experiment where single men and women look for love and get engaged, all before meeting in person.","Nick Lachey, Vanessa Lachey"